"c_0116","match_c_0116","match_profile_url"
212986025795612,212964284175369,"/profiles/212986025795612.html"
213032111381597,213046795743451,"/profiles/213032111381597.html"
213041250382059,212959627281569,"/profiles/213041250382059.html"
213044121852045,213082291421232,"/profiles/213044121852045.html"
213048916393148,213419731352590,"/profiles/213048916393148.html"
213049581732901,213498995739867,"/profiles/213049581732901.html"
213049696777424,213912376641666,"/profiles/213049696777424.html"
213057864413342,213221680579650,"/profiles/213057864413342.html"
213060282321937,213037143516373,"/profiles/213060282321937.html"
213062054127817,213128079138915,"/profiles/213062054127817.html"
213063114970338,214098404782254,"/profiles/213063114970338.html"
213069020099684,213046789787789,"/profiles/213069020099684.html"
213076845468686,213213178642528,"/profiles/213076845468686.html"
213083279365302,213047207547120,"/profiles/213083279365302.html"
213108391289915,213219145698325,"/profiles/213108391289915.html"
213108599045202,214220067148842,"/profiles/213108599045202.html"
213114447186085,212963838550190,"/profiles/213114447186085.html"
213125769012402,213055747605716,"/profiles/213125769012402.html"
213213239304359,213051957634261,"/profiles/213213239304359.html"
213218601723020,213054528062539,"/profiles/213218601723020.html"
213227908853851,213070201219127,"/profiles/213227908853851.html"
213263253671111,213757080164475,"/profiles/213263253671111.html"
213302114290855,213664515263584,"/profiles/213302114290855.html"
213338757464298,213324090751004,"/profiles/213338757464298.html"
213417517168689,213056091316473,"/profiles/213417517168689.html"
213482163835131,213054787235034,"/profiles/213482163835131.html"
213610455473237,213254163464445,"/profiles/213610455473237.html"
213668996545694,213676835591253,"/profiles/213668996545694.html"
213668996704352,213690717240487,"/profiles/213668996704352.html"
213668997677254,213857945299158,"/profiles/213668997677254.html"
213668998322397,213344896191731,"/profiles/213668998322397.html"
213668998353976,212968761239674,"/profiles/213668998353976.html"
213671132819496,213075159778501,"/profiles/213671132819496.html"
213678766751840,213047266252835,"/profiles/213678766751840.html"
213692982053080,212979735043083,"/profiles/213692982053080.html"
213749800639652,213135985472634,"/profiles/213749800639652.html"
213757079555212,213233799272590,"/profiles/213757079555212.html"
213757081105567,213668996647970,"/profiles/213757081105567.html"
213843058227209,213668996841710,"/profiles/213843058227209.html"
213866912764004,213308531661888,"/profiles/213866912764004.html"
213930999541776,213757079820393,"/profiles/213930999541776.html"
213962289963186,213668998153343,"/profiles/213962289963186.html"
213969137680637,213059140944029,"/profiles/213969137680637.html"
214006422938631,213050103474379,"/profiles/214006422938631.html"
214055924984052,213044223314091,"/profiles/214055924984052.html"
214193922766016,213060198094011,"/profiles/214193922766016.html"
214202230956073,213668998630401,"/profiles/214202230956073.html"
214214791319583,213684211899583,"/profiles/214214791319583.html"
214358921407659,213253810089138,"/profiles/214358921407659.html"
214461808566304,213487254341814,"/profiles/214461808566304.html"
